{"initial_reset_timestamp": 1642600351.6923976, "timestamps": [1642600353.1087742, 1642600354.537497, 1642600354.9714782, 1642600355.583497, 1642600356.1911545, 1642600356.738487, 1642600357.7254176, 1642600358.4718137, 1642600359.3231473, 1642600359.9478133, 1642600360.548317, 1642600361.1937094, 1642600361.9125311, 1642600362.454257, 1642600363.1268778, 1642600364.692809, 1642600365.5858479, 1642600366.2712123, 1642600367.1951494, 1642600368.2808537, 1642600371.502082, 1642600372.7751412, 1642600374.0395763, 1642600375.718382, 1642600377.1654067, 1642600378.5066006, 1642600380.1179628, 1642600381.959779, 1642600383.52769, 1642600385.0974538, 1642600387.511849, 1642600389.1362624, 1642600390.448207, 1642600391.735025, 1642600393.216092, 1642600394.6780777, 1642600396.334303, 1642600397.9805431, 1642600399.3010755, 1642600401.2759197, 1642600403.5873075, 1642600405.5467544, 1642600409.2179065, 1642600410.6619542, 1642600413.3910532, 1642600415.0121994, 1642600419.431384, 1642600430.3836665, 1642600432.7543738, 1642600434.7913992, 1642600439.0090778, 1642600441.04874, 1642600442.1562657, 1642600443.9981563, 1642600446.3103228, 1642600447.7264268, 1642600452.7995672, 1642600469.374771, 1642600471.47728, 1642600477.744829, 1642600491.180427, 1642600494.4036684, 1642600507.9733346, 1642600522.6189432, 1642600535.6527061, 1642600539.9749768], "episode_lengths": [152, 53, 71, 66, 62, 65, 70, 86, 71, 52, 50, 77, 55, 57, 145, 91, 70, 73, 85, 206, 111, 114, 145, 138, 135, 111, 160, 139, 131, 209, 147, 121, 107, 137, 130, 129, 153, 112, 173, 77, 117, 341, 116, 212, 150, 109, 1000, 213, 111, 421, 139, 88, 93, 129, 98, 138, 890, 121, 282, 1000, 119, 661, 1000, 1000, 153, 1000], "episode_rewards": [-245.040230936103, -428.30593097108954, -519.1850042244921, -439.31396114944687, -681.5852212801165, -540.8321630474995, -635.1166240050136, -935.7583145560903, -573.4470873697808, -464.3912761116792, -450.05633456430894, -490.9396505817861, -538.3830847469818, -421.1468411571019, 3.9378053475780916, -89.13061164062285, -248.2747457210698, -230.2092268658206, -284.5242554806089, -77.47924732295337, -120.87468023062138, -262.42015457800625, -498.6241213600328, -252.39485312500307, -279.9191489934666, -350.86724435569323, -158.8316655165321, -201.50778530836777, -407.51269363182496, -184.69415342927195, -150.6259704458806, -185.3273843421585, -181.63764666861408, -265.5327474122413, -153.55741875418698, -193.55734724499763, -129.3948827957994, -264.47836792215156, -220.59256006452674, -193.39929086360652, -191.56442450534263, -185.30832702220485, -145.54295499693947, -388.7770068066126, -248.54557858464847, -182.63337355726202, -105.09741506810433, -170.14058724612875, -179.05948322179802, -214.47942137745616, -164.95791042212437, -206.68319019913795, -194.81809923895625, -358.038734329342, -116.55817835899217, -313.4758186381868, -247.6752354794702, -181.9875659342615, -297.0339608538768, -209.29864449642224, -170.2883416202754, -325.8028786558523, -146.7622052021841, -153.32411340632828, -179.2687858946654, -198.0208627864742], "episode_types": ["t", "t", "t", "t", "t", "t", "t", "t", "t", "t", "t", "t", "t", "t", "t", "t", "t", "t", "t", "t", "t", "t", "t", "t", "t", "t", "t", "t", "t", "t", "t", "t", "t", "t", "t", "t", "t", "t", "t", "t", "t", "t", "t", "t", "t", "t", "t", "t", "t", "t", "t", "t", "t", "t", "t", "t", "t", "t", "t", "t", "t", "t", "t", "t", "t", "t", "t"]}