{"initial_reset_timestamp": 1642600607.8501003, "timestamps": [1642600608.69844, 1642600609.5850923, 1642600611.2149448, 1642600612.2065508, 1642600613.6217544, 1642600615.5362113, 1642600617.743684, 1642600618.5142257, 1642600620.3105657, 1642600621.6344154, 1642600624.7123406, 1642600625.889367, 1642600627.8954387, 1642600628.6736822, 1642600631.653575, 1642600632.9256, 1642600635.101359, 1642600636.22686, 1642600638.018198, 1642600638.829652, 1642600640.2834432, 1642600640.9515083, 1642600643.2919383, 1642600644.1662965, 1642600645.5140524, 1642600646.4561553, 1642600648.6197689, 1642600649.5786915, 1642600651.1436791, 1642600651.898589, 1642600654.81206, 1642600655.6603937, 1642600658.9784622], "episode_lengths": [114, 62, 87, 50, 71, 64, 56, 79, 70, 74, 105, 97, 65, 56, 103, 77, 96, 86, 72, 75, 52, 59, 52, 51, 58, 71, 84, 87, 58, 86, 61, 64, 196], "episode_rewards": [-233.59970460098893, -463.38196462972576, -696.2469373918188, -162.9667341171575, -163.1849799782662, -530.4099308111291, -458.58246194322993, -855.2665318244606, -570.1637688721947, -727.0090220569376, -1289.066751523019, -1056.9435656317132, -207.32650360220882, -192.39965873415252, -36.30318290250488, -182.41576537589927, -694.5186690335146, -150.28926594437428, -134.20111947665862, -249.62254865277197, -160.71158269138033, -176.91387213330864, -156.14789384187313, -144.06275589140995, -169.75011827257637, -239.51143700445496, -218.04046763132072, -265.40154166985656, -161.52979731763065, -249.1008065304905, -200.9367906848309, -231.5341666443857, -196.54160582470882], "episode_types": ["t", "t", "t", "t", "t", "t", "t", "t", "t", "t", "t", "t", "t", "t", "t", "t", "t", "t", "t", "t", "t", "t", "t", "t", "t", "t", "t", "t", "t", "t", "t", "t", "t", "t"]}