{"initial_reset_timestamp": 1642600547.7944374, "timestamps": [1642600548.8895478, 1642600550.481366, 1642600551.774583, 1642600552.8738105, 1642600554.2659824, 1642600556.213757, 1642600557.0922327, 1642600557.7544641, 1642600558.59259, 1642600559.284283, 1642600564.7787082, 1642600575.0262315, 1642600576.5704064, 1642600579.9702115, 1642600581.1458035, 1642600582.1457434, 1642600583.0958545, 1642600587.9949527, 1642600599.19554], "episode_lengths": [147, 84, 53, 69, 167, 69, 59, 82, 62, 119, 1000, 107, 341, 109, 86, 90, 84, 1000, 531], "episode_rewards": [-280.41855296075005, -777.0051590865273, -384.665992516344, -519.9185534026869, -1070.5392600489026, -153.22078388777635, -270.67866141397354, -450.30878556210746, -329.30213487465176, 21.316675407811275, -87.58013362113182, -406.4412592215857, -144.0860756489976, -182.30954202406826, -583.926048261217, -659.0579483492595, -360.6843207549761, -158.46889339238098, -130.17684058380485], "episode_types": ["t", "t", "t", "t", "t", "t", "t", "t", "t", "t", "t", "t", "t", "t", "t", "t", "t", "t", "t", "t"]}